Name,Writer,Likes,Genre,Rating,Subscribers
Teenage Mercenary,YC / Rakyeon,929796,Action,9.87,537600
Weak Hero,SEOPASS / RAZEN,9900000,Action,9.85,1000000
Viral Hit,the gom (happybooks2u) / jungmi,60620,Action,9.83,395900
Neon Revenge,MURO,140430,Action,9.68,267300
The World is Money and Power,Baek June / Thresher,184029,Action,9.68,162100
IF,JongBeom Lee,2400000,Action,9.03,150800
Girls of the Wild's,HUN / ZHENA,6900000,Action,9.57,813800
Caster,Common / Noble Transmission,70537,Action,9.03,47400
The God of High School,Yongje Park,25100000,Action,9.7,2300000
The Advanced Player ofthe Tutorial Tower,Bangguseok Gimssi / Omagam,3000000,Action,9.54,979700
Omniscient Reader,sing N song / UMI,8000000,Action,9.9,1500000
Jungle Juice,HYEONG EUN / JUDER,2500000,Action,9.81,803300
Villain to Kill,Fupin / Eunji,988273,Action,9.77,672200
Doom Breaker,Blue-Deep,378936,Action,9.7,371700
Eleceed,Jeho Son / ZHENA,10300000,Action,9.93,975800
The Strongest Florist,JYUN / Hong Cha,404104,Action,9.85,460600
Hardcore Leveling Warrior,Sehoon Kim,13600000,Action,9.76,1200000
Dungeons & Artifacts,Zerowater / UMKY,862670,Action,9.55,379900
Hero Killer,Kkulbeol / Beolkkul,1100000,Action,9.74,501500
I Get Stronger the More I Eat,Kitaeon / Frost Mourne,179307,Action,8.45,210900
Return to Player,UMKY / SEHON,956554,Action,9.66,413000
A Useless Villain,Yeoul / ODI,344200,Action,9.42,305900
Infinite Leveling: Murim,Jinwoo Kim / Gonbung,362055,Action,9.51,192300
Code Adam,Atterozen,3000000,Action,9.77,766000
Ordeal,Brent Bristol,91376,Action,9.66,121700
The First Hunter,dedart / Chanwook Jeon,157380,Action,9.24,157200
Tales of Sarimin the Jinn,Titasupp,77659,Action,9.54,85000
microHUNTER,NAGATERBANG,47983,Action,9.55,328300
Gul,Nekucciola,223054,Action,9.52,134500
Noblesse: Rai's Adventure,Jeho Son / Kwangsu Lee,301953,Action,9.83,372400
GOSU,Giun Ryu / Mun Jeong Hoo,6000000,Action,9.85,702800
Noblesse,Jeho Son / Kwangsu Lee,19500000,Action,9.77,1700000
Cape of Spirits,Kris Nguyen,2100000,Action,9.5,514500
LESSA,POGO,533002,Action,9.73,205200
LESSA 2 - The Crimson Knight,POGO,806466,Action,9.79,164800
Brothers Bond,Kevin Grevioux / Ryan Benjamin,139498,Action,9.1,104600
1000,Chuck Brown / Sanford Greene,78037,Action,8.98,102700
The Gamer,Sangyoung Seong / Sang-A,16500000,Action,9.62,1900000
Return of the Blossoming Blade,UMKY / SEHON,956554,Action,9.82,282800
Blood-Ink,Lupicut,4300000,Action,9.67,636500
TACIT,KimDazzi,156771,Action,9.65,207500
The Eagle and the Snake,Angel Tovar,23386,Action,9.55,64100
REAWAKENED MAN,Yongtaek Chae / Jaehan Kim,103691,Action,9.45,145800
Covenant,explodikid,1200000,Action,9.58,351100
Pound,Tony Karnowski / Orlando Caicedo,325758,Action,9.15,91800
Darbi,Sherard Jackson,2000000,Action,9.53,328500
Bad Signs,Nawa,177346,Comedy,9.56,251100
God of Bath,Ilkwon Ha,279266,Comedy,9.51,117300
Boyfriend of the Dead,Ushio,27300000,Comedy,9.74,2000000
Cursed Princess Club,LambCat,15700000,Comedy,9.8,2000000
"God, Please Make Me a Demon!",Bulsa / Yomgary,321043,Comedy,9.31,318400
Forever After,JEON Segi / JEON Hoyun,240180,Comedy,9.35,378500
Everywhere & Nowhere,Merryweather / PeaCH,9300000,Comedy,9.62,750600
Smity and Majesty,B.Y / JRobin,2400000,Comedy,9.46,115900
Just Pancakes,HadeToons,2100000,Comedy,9.66,205100
Trailer Park Warlock,Matthew J. Rainwater,575048,Comedy,9.3,96000
The Wolf & Red Riding Hood,XUANN,3400000,Comedy,9.63,616500
Your Adventure,Chris McCoy,149983,Comedy,9.15,46300
DON'T HATE,Pink_Alien,4100000,Comedy,9.35,267500
Aura from Another Planet,Kyusam Kim,264872,Comedy,9.24,50800
Unlucky is as Lucky does,M. Nires,2700000,Comedy,9.67,238900
Mage & Demon Queen,Color_LES,18000000,Comedy,9.78,2300000
Rooftops & Roommates,Zaanart,1500000,Comedy,9.43,380200
High Class Homos,AENGO,4100000,Comedy,9.32,151600
Not So Shoujo Love Story,Curryuku,3000000,Comedy,9.64,546200
Adventures of God,Teo / Corey,23600000,Comedy,9.44,1400000
Live with Yourself!,Shen / David Mercier,9700000,Comedy,9.76,612800
Safely Endangered,Chris McCoy,19600000,Comedy,9.56,1000000
Andy Bass,KenneDuck / Gia,1000000,Comedy,9.36,160400
The Hip Guy,ST,377178,Comedy,9.2,208300
Gecko Chan,RE ME,735275,Comedy,9.24,75400
Meow Rangers,Matthew J. Rainwater,575048,Comedy,9.34,32000
AXED,Shren Patel / Emi MG,3500000,Comedy,9.64,459600
My Daughter is a Zombie,Yun-chang Lee,1900000,Comedy,9.66,325500
Illustrated Internet,Dami Lee,611473,Comedy,9.05,136400
Brutally Honest,Deya Muniz,1100000,Comedy,9.47,203600
10th Dimension Boys,Cutbu,741512,Comedy,9.34,87900
Meow Man,Olso,3800000,Comedy,9.7,306300
Library Ghost,Mikey Heller,246490,Comedy,8.77,63900
HAPI BUNI,Ryan Pagelow,2600000,Comedy,9.52,173100
dustinteractive,Dustin Rogers,8100000,Comedy,9.34,326200
1111 Animals,1111,249838,Comedy,8.9,47400
Behind the GIFs,AC Stuart / Kat Swenski,8400000,Comedy,9.49,326800
The Gentleman's Armchair,Wes,274389,Comedy,8.91,51500
3-Second Strip,Bae Jin-Soo,763081,Comedy,8.51,58100
The Sound of Your Heart,Cho Seok,2000000,Comedy,9.56,138300
Trash Bird,Reza Farazmand,1000000,Comedy,9.54,95200
MOONBEARD,James Squires,389269,Comedy,9.26,57800
Polidiocy,Mahoney & Akel / Ryan Dunlavey,71205,Comedy,7.2,300002
RANDOMPHILIA,Devin Bosco Le,1000000,Comedy,9.41,80200
New Life Project,Cherng,69491,Comedy,8.38,14400
Tickle Town,Ardtron / GNICE,111691,Comedy,6.59,15500
Epic V,Ardtron / GNICE,18246,Comedy,5.75,5400
The DaneMen,David Danemen,448724,Comedy,9.07,39900
BuzzFeed Comics,BuzzFeed Comics,810836,Comedy,5.64,80400
My Dictator Boyfriend,Teo / Guy,4300000,Comedy,9.04,265200
Love Advice from the Great Duke of Hell,unfins,9300000,Comedy,9.81,1100000
I Love Yoo,Quimchee,29000000,Drama,9.78,4300000
Acception,Colourbee,10200000,Drama,9.07,750600
She's Hopeless,Seokwoo,1500000,Drama,9.66,669600
Get Schooled,Yongtaek Chae / GARAM HAN,883687,Drama,9.76,407700
Lookism,Taejun Pak,33900000,Drama,9.79,2200000
Odd Girl Out,Morangji,15800000,Drama,9.84,796400
Lost in Translation,Jjolee,4500000,Drama,9.71,576700
"Mom, I'm Sorry",MiTi / GUGU,3900000,Drama,9.72,760500
Back to You,Honey B,3100000,Drama,9.7,648700
Midnight Rain,Pani,1300000,Drama,9.1,343200
The Nuna at Our Office,Juin Kim / Taejun Pak Webtoon Company,368698,Drama,9.57,204900
After School Lessonsfor Unripe Apples,WasakBasak / JANE,194208,Drama,9.82,110000
Moonlight Beauty Parlor,Jimena Aranda,1500000,Drama,9.67,155300
Pyramid Game,Dalgonyak,720233,Drama,9.53,173800
Fluidum,GirlsOnFilm / ValeriaM,1100000,Drama,9.11,199200
Random Chat,Dongwoo Han / Dohee Lee,366790,Drama,9.62,311200
CODE HELIX,Na-eum So,496930,Drama,9.36,36000
Da Yomanville Gang,Jason King,1700000,Drama,9.22,234700
"Take Me, I'm Yours",RoseBean / One Punch Rabbit,191969,Drama,9.46,179800
Beyond Virtual,EGA,294484,Drama,9.18,154200
Maya's World,Tupaikidal,82708,Drama,9.21,91800
The Horizon,JH,175864,Drama,9.84,139800
Asterion,NeverDraws,240863,Drama,8.97,87500
My Life as a Loser,kkanaria,5347,Drama,9.77,111100
To Be Ordinary!,Yellow sheep / So-p,949502,Drama,9.07,18400
Dark Mortal,Jeonyeok Lee,1000000,Drama,9.79,209300
SAVE ME,Big Hit Ent. / LICO,3900000,Drama,9.87,2100000
Your Letter,Hyeon A Cho,1000000,Drama,9.93,502900
Days of Hana,Seokwoo,7100000,Drama,9.77,1000000
Death's Game,LEE WONSIK / GGULCHAN,1300000,Drama,9.75,306800
The Golden Spoon,HD3,165712,Drama,9.07,52000
Gourmet Hound,Leehama,11300000,Drama,9.82,845100
Cheese in the Trap,Soonkki,8700000,Drama,9.71,1000000
Yuna & Kawachan,Lauren Schmidt,1700000,Drama,9.73,205400
Life Outside the Circle,H-P Lehkonen,939184,Drama,9.38,199000
Winter Woods,COSMOS / VAN.J,3600000,Drama,9.81,731300
ShootAround,suspu,1500000,Drama,9.68,155100
Annarasumanara,Ilkwon Ha,753985,Drama,9.74,277300
Ghost Theater,LICO,2000000,Drama,9.78,390500
American Road Trip,Patrick Flores-Scott / Little Corvus,326792,Drama,9.61,102000
Kids Are All Right,HP56,338708,Drama,9.74,76100
THE GIRL FROM CLASS,Subong Park,324180,Drama,9.46,109600
Spirit Fingers,han kyoung chal,4800000,Drama,9.91,286200
About Death,Sini / Hyeono,358952,Drama,9.83,127500
Aisopos,Yangsoo Kim / Dogado,260167,Drama,9.72,55100
Subtle Disaster,SUNGHO AN,175363,Drama,9.4,45200
FAMILY MAN,Pillwon Jung,119309,Drama,9.71,34600
New Normal: Class 8,Youngpaka,2700000,Drama,9.52,231900
Westwood Vibrato,Inwan Youn / Sunhee Kim,183174,Drama,9.66,58100
Metaphorical HER,James Maddox / David Stoll,176230,Drama,8.95,57500
All That You Are,Brayden Sato,95069,Drama,9.23,44800
City of Walls,A.K. Lovelace / Shaun Noel,19366,Drama,7.39,18600
The Shadow Prophet,Anne Delseit / Marissa Delbressine,296332,Drama,9.54,91000
The Four of Them,Mai Hirschfeld_,5900000,Drama,9.58,994900
Heir's Game,suspu,3500000,Drama,9.73,285100
Version Day and Night,dewkneelight,1100000,Drama,9.53,477400
#Blessed,M. Victoria Robado,1700000,Drama,9.19,424800
The Devil is a Handsome Man,Hellothisisangle,2300000,Drama,9.55,755600
LUMINE,Emma Krogell,18900000,Fantasy,9.87,3000000
The Blood of the Butterfly,SAM,8300000,Fantasy,9.75,332300
Your Throne,Remin,217959,Fantasy,9.81,1200000
From a Knight to a Lady,Ink. / Hyerim Sung,218511,Fantasy,9.64,275900
Heavenly Roommates,MARO / kang jaegeon,163300,Fantasy,9.52,191900
The Spark in Your Eyes,Gisong / NemGa,973686,Fantasy,9.66,188900
The Croaking,echorise,5000000,Fantasy,9.79,550000
Raven Saga,Chihiro Howe,792670,Fantasy,9.73,180600
Lone,Mel0h,1500000,Fantasy,9.72,314000
Crown of Feathers,Nicki Pau Preto / Foxkirin,984245,Fantasy,9.22,300000
From Morning to Night,JiEun Son,66773,Fantasy,9.33,115800
SOLEIL,YenKin,958095,Fantasy,9.54,246200
Thornstone,Taejun Pak / SW Jeon,216838,Fantasy,9.06,76300
House of Stars,saltacuentos / Lion Illustration,806795,Fantasy,9.8,223800
Dragnarok,KPJ / Magmi,431383,Fantasy,9.48,354800
The Strange Tales of Oscar Zahn,Tri Vuong,1000000,Fantasy,9.78,318200
WEBTOON GREENLiGHT,WEBTOON / Various Artists,3200000,Fantasy,9.61,775200
Under the Aegis,VIMEDDIEE,532294,Fantasy,9.76,87500
Davinchibi,Camilla d'Errico / Stephen W. Martin,75414,Fantasy,8.87,71000
Sithrah,Jason Brubaker,258609,Fantasy,9.48,49400
Alice Elise,Nicky Soh,132588,Fantasy,8.95,61000
The Remarried Empress,Alphatart / Sumpul,15000000,Fantasy,9.87,1900000
Four Leaf,Lumaga,1700000,Fantasy,9.72,230300
The Masked Fables,Ebae Kim,395821,Fantasy,9.44,148800
Watermelon,Rorita,5200000,Fantasy,9.8,719600
Luggage,zealforart,235099,Fantasy,8.38,76100
Suitor Armor,Purpah,5000000,Fantasy,9.75,1000000
Castle Swimmer,Wendy Lian Martin,15000000,Fantasy,9.87,2200000
The First Night With the Duke,MSG / Teava,5800000,Fantasy,9.63,990400
Tricked into Becoming the Heroine's Stepmother,HARIHEEN / MOKGAMGI,815217,Fantasy,9.61,545600
Like Wind on a Dry Branch,Dalsaeowl / Hwaeum,3500000,Fantasy,9.79,1000000
Men of the Harem,HereLee / Alphatart,4000000,Fantasy,9.7,1000000
Tower of God,SIU,44100000,Fantasy,9.87,2900000
The Princess's Jewels,Hyun hoo Joo / Kumtata,1800000,Fantasy,9.05,289300
His Majesty's Proposal,Bloomy / INUS,1000000,Fantasy,9.08,506300
The Witch and The Bull,Jaerim / Bulsa,405764,Fantasy,9.78,844100
Happily Ever Afterwards,Hwang DoTol / Jeongseo,884919,Fantasy,9.65,325700
So You're Raising a Warrior,Hannah Patten / Violet Matter,888119,Fantasy,9.49,224300
Winter Moon,Merryweather / MAYUI,30300000,Fantasy,9.42,1700000
Spells From Hell,WmW / Silke Tara,1400000,Fantasy,9.56,407300
The MatchmakingBaby Princess,Jimmy Sin / Karin Park,163606,Fantasy,9.44,180600
Lady Knight,Lion Illustration,294930,Fantasy,9.66,189600
When Jasy Whistles,Cibeles,293662,Fantasy,9.76,272400
The Lazy Lord Masters the Sword,Dodomoon / doip,35887,Fantasy,9.65,91900
Once a Hero,Yankifull,156511,Fantasy,9.49,195500
How to Survive a Romance Fantasy,MURO,140430,Fantasy,9.41,321100
Prince Maker,Suosu,37280,Fantasy,9.61,77900
The Fabled Warrior,roousuu / WmW,407724,Fantasy,9.48,164700
Hooves of Death,Gosha / Solem,137684,Fantasy,9.44,305000
How to Become a Dragon,Sam Bragg,2300000,Fantasy,9.87,453600
The Ember Knight,K. Oliver,1400000,Fantasy,9.74,167400
Neolithic Girl,JAEAH / GARAM HAN,315157,Fantasy,9.38,251900
Anti-Monster Force,Goaten,126479,Fantasy,9.34,129700
Lovely Hell,Chihiro Howe,792670,Fantasy,9.09,101800
Protect the Knight,Dalbong,32228,Fantasy,9.58,78000
The Monster's Bride,Mel0h,1500000,Fantasy,9.58,80500
"Good Luck, Hero!",Song Hyunju,21232,Fantasy,9.58,57400
DICE,WmW / Thabfu,502325,Fantasy,9.3,1200000
Nomads,Captain Juuter,20926,Fantasy,9.87,46900
The Wendybird,Hyunseok Yun,9700000,Fantasy,8.98,176900
Nothing Special,kiki / E-um,189800,Fantasy,9.6,403200
Tenants from Another World,Katie Cook,2800000,Fantasy,9.21,205800
Stray Souls,Maf,1400000,Fantasy,9.76,329500
Athena Complex,Kaisar,2800000,Fantasy,9.54,523600
Elf & Warrior,AC Stuart / Victor Rosas II,2200000,Fantasy,9.67,228800
Zero Game,zelbasen,2100000,Fantasy,9.87,509600
Kubera,Currygom,3300000,Fantasy,9.7,231600
Eyes,Youngsoon Yang,2400000,Fantasy,9.61,8100
Trump,Chaeeun Lee,1600000,Fantasy,9.54,350000
Aerial Magic,walkingnorth,1500000,Fantasy,9.68,485800
Phantom Paradise,Rurisen (L. Zhu),3300000,Fantasy,9.49,616800
Dragnarok: Descendants,KPJ / Magmi,342838,Fantasy,9.34,211400
Catharsis,Ahniki,3100000,Fantasy,9.56,611400
Newman,Josh Ulrich,2500000,Fantasy,9.73,192900
Refund High School,LICO,11600000,Fantasy,9.76,1200000
The Steam Dragon Express,Merryweather / Porforever,2900000,Fantasy,9.64,320100
April Flowers,ccustard,1300000,Fantasy,9.48,385100
Flow,Honey B,2800000,Fantasy,9.76,695400
Hellper,SAKK,965368,Fantasy,9.73,163400
Strawberry Seafoam,Bryan Golden,2000000,Fantasy,9.27,379600
ROB,Richard Dinnick / Magda Price & Miguel Sepulveda,60367,Fantasy,8.77,56100
SOUL CARTEL,Haram / Youngji Kim,1200000,Fantasy,9.7,224400
Messenger,Paul Tobin / Ray Nadine,705384,Fantasy,9.25,97400
Helios:Femina,Michelle Phan,296855,Fantasy,8.73,208400
Ghosts Among the Wild Flowers,Ghost Wintersnow,447176,Fantasy,9.6,120700
Magician,Serae Kim,2200000,Fantasy,9.68,186000
Spirits,Joseph Grabowski / Colin Lawler,157755,Fantasy,9.17,56900
Deor,J.oori,2200000,Fantasy,9.69,841500
EMPYREA,OHKATES,2800000,Fantasy,9.87,623100
Skye,Cynthia J.S.,375582,Fantasy,9.63,176000
HEART Anthology,Marvin.W / caw-chan,1500000,Heartwarming,9.65,221300
When the Day Comes,WasakBasak / JANE,194208,Heartwarming,9.7,184600
Madame Outlaw,Junk Ren / WmW,535638,Historical,9.54,257200
The Snake and the Flower,52chu,693249,Historical,9.7,207600
The Weight of Our Sky,Hanna Alkaf / Nisrina A.N.,1100000,Historical,9.79,251900
The Double Agent,Hayeon / Charles,120422,Historical,8.77,186600
Surviving Romance,Lee Yone,1600000,Horror,9.81,484100
BRAIN Anthology,Various Artists,755085,Horror,9.37,139100
Everything is Fine,Mike Birchall,1600000,Horror,9.74,527700
Uriah,Toffuo,2100000,Horror,9.8,396000
Tales of the Unusual,Sungdae Oh,7800000,Horror,9.64,710500
Witch Creek Road,Garth the Geek / Kenan Halilovic,1500000,Horror,9.39,445700
Distant Sky,Inwan Youn / Sunhee Kim,1000000,Horror,9.57,321500
Beetle Hands,Herhumanist,272788,Horror,9.68,108800
The Red Book,Rangddo,378065,Horror,8.86,190500
GremoryLand,A.Rasen,2000000,Horror,9.49,379500
Horang's Nightmare,Horang,199059,Horror,9.58,223600
The Vault of Horror: A Collection of Nightmares,Various Artists,268329,Horror,8.94,187300
Melvina's Therapy,A.Rasen,1900000,Horror,9.72,396500
Have You Any Fear?,Various Artists,167542,Horror,8.6,202000
Rot & Ruin,Taylor Grant / Alempe,1400000,Horror,9.61,361800
Elena,Jorge Jaramillo,213613,Horror,9.52,97700
Ghost Teller,QTT,5000000,Horror,9.86,966000
DEAD DAYS,DEY,526116,Horror,9.67,200700
Stagtown,Punko,876729,Horror,9.79,164300
Wolfsbane,Ryan Cady / Morgan Beem,144341,Horror,9.68,66300
Cooking Comically,Tyler Capps,268219,Informative,9.63,126100
Illuminated,Rachel Song / Maria Nguyen,127401,Informative,9.33,112500
WEBTOON Now,LOZOLZ / Wyatt the Cat,1900000,Informative,9.25,459200
Staying Healthy Together,Various Artists,1500000,Informative,9.76,204600
Purple Hyacinth,Ephemerys / Sophism,9500000,Mystery,9.91,1300000
Garden Club Detective Squad,Nikki Dibya Wardhana / Bryan Arfiandy,19608,Mystery,9.73,180000
The Wolfman of Wulvershire,Hwandaeng,231355,Mystery,9.58,336800
Locker & Opener,AHNJOO,9574,Mystery,9.53,150500
Parallel City,Goda,2100000,Mystery,9.84,391800
FINALITY,Warren Ellis / Colleen Doran,22238,Mystery,8.13,31000
Varsity Noir,Kate Glasheen,180237,Mystery,9.45,52700
Adamsville,Michael Regina,184981,Mystery,9.32,60400
Let's Play,Leeanne M. Krecic (Mongie),30600000,Romance,9.62,4200000
True Beauty,Yaongyi,39900000,Romance,9.6,6400000
Midnight Poppy Land,Lilydusk,10400000,Romance,9.81,2100000
Age Matters,Enjelicious,25900000,Romance,9.79,3500000
Nice To Meet You,Wishroomness,5800000,Romance,9.82,1100000
The Makeup Remover,Lee Yone,9300000,Romance,9.7,1000000
To Love Your Enemy,Jungyoon / Taegeon,10800000,Romance,9.74,1700000
Sixth Sense Kiss,Got W / Jocobong,790313,Romance,9.71,485100
Love Me Knot,Sophia,3800000,Romance,9.37,838800
Unwritten Death,MaracuyasArt,158001,Romance,9.74,181800
Secret Playlist,2F,2300000,Romance,9.66,560600
Seasons of Blossom,HONGDUCK / NEMONE,3200000,Romance,9.89,584900
Death of a Pop Star,Violet Karim,2300000,Romance,9.34,542400
Before We Knew It,Nakano Mayaka,3500000,Romance,8.82,699000
No Longer A Heroine!,Maenggi Ki,2000000,Romance,9.38,396300
"Date First, Love Later",Taejun Pak / Kim Junghyun,2500000,Romance,9.5,141500
Let Me Stay Over Tonight!,Yunana / Heabun,678444,Romance,9.42,272400
To You Who Swallowed a Star,ARI,1500000,Romance,9.51,321900
She Would Never Know,Cafelatte / JINHA,991292,Romance,9.06,360000
There's Love Hidden in Lies,Kawai Aporo,814665,Romance,8.81,260500
The Girl Downstairs,Songah Min,2900000,Romance,9.6,528700
Her Bucket List,Vicente Miranda,507131,Romance,9.72,308600
Behind the Curtain,dagwa,137416,Romance,8.41,99400
A Good Day to be a Dog,Lee Hey,10000000,Romance,9.84,1200000
LUFF,Arechan,9000000,Romance,9.31,1200000
Where Tangents Meet,instantmiso,2700000,Romance,9.74,1100000
My Dear Cold-Blooded King,lifelight,15100000,Romance,9.72,1900000
Oh! Holy,Ahyun,8200000,Romance,9.7,1500000
Late Bloomer,zealforart,725410,Romance,9.27,319000
Assassin Roommate,Monica Gallagher,3600000,Romance,9.28,869300
Scorching Romance,Hongchi,5100000,Romance,9.7,589700
Cherry Blossoms,Subong Park,137397,Romance,9.23,149400
Big Jo,Jungle Julia,5400000,Romance,9.19,553300
Salty Studio,OMYO,999845,Romance,9.69,316100
The Stories of Those Around Me,OMYO,819435,Romance,9.66,239100
Cupid's Arrows,Thomas F. Zahler,485243,Romance,9.26,93300
Edith,Swansgarden,8500000,Romance,9.71,1200000
Unlovable Replacement,Nylana,5700000,Romance,9.79,1400000
Lore Olympus,Rachel Smythe,41900000,Romance,9.72,5200000
SubZero,Junepurrr,16700000,Romance,9.8,2600000
My Gently Raised Beast,Yeoseulki / Early Flower,2300000,Romance,9.89,804700
See You in My 19th Life,Lee Hey,5100000,Romance,9.89,945200
The Newlywed Diaryof a Witch and a Dragon,New lung / Dimang,2400000,Romance,9.28,672100
Act Like You Love Me!,XUANN,2200000,Romance,9.78,620700
There Must Be Happy Endings,Moonsia,5300000,Romance,9.83,326100
The Male Lead's Girl Friend,KAKON / RYU HEON,57596,Romance,9.33,128300
A Summer Night's Dream,Kim su bak / Kan,250517,Romance,7.6,252400
Threads of Love,HAN KIJOO / 1,35758,Romance,9.73,93300
Love Falls Like Rain,Yeri,226852,Romance,9.58,145300
Super Secret,eon,11400000,Romance,9.83,1700000
ORANGE MARMALADE,Seokwoo,4700000,Romance,9.68,987300
Siren's Lament,instantmiso,22300000,Romance,9.75,3000000
Crumbs,Whitherling,1600000,Romance,9.69,290200
For the Sake of Sita,Haga,321269,Romance,9.53,247600
Your Smile is a Trap,Momozerii,157109,Romance,9.79,788300
Romance 101,Namsoo,3400000,Romance,9.81,422100
So I Married the Anti-Fan,Jaerim / Eunjeong Kim,868627,Romance,9.42,486300
Daily JoJo,Donggeon Lee,51923,Romance,9.73,89300
My Younger Brother's Friend,Nimni,203729,Romance,9.27,202500
Match Made in Hell,keitalia,52234,Romance,9.4,102300
Her Mannequin,Steak / Sang beom,28458,Romance,9.33,229000
CinnamonRoll,Meritxell Garcia,242273,Romance,8.81,291200
Warning Label,Thomas F. Zahler,439776,Romance,8.95,130700
Marry Me!,Miku Yuki,1800000,Romance,9.75,261500
Nevertheless,Jeongseo,952931,Romance,9.41,464400
Kind of Love,Various Artists,2800000,Romance,9.64,653300
Phase,Jouki,4100000,Romance,9.55,901900
Blades of Furry,Deya Muniz / Emily Erdos,1900000,Romance,9.61,386800
AntiSTALKER,VOKIVORMOK,3000000,Romance,9.72,588900
Swimming Lessons for a Mermaid,YONGCHAN,5000000,Romance,9.73,711700
Flawless,Shinshinhye,87165,Romance,9.68,144100
The Doctors are Out,Blau,3600000,Romance,9.59,453600
Dating With a Tail,Jinha / Hepon,2400000,Romance,9.51,531200
The Prince of Southland,Chris Geroux,810680,Romance,9.64,233300
Half-Ghost,Sejung,635533,Romance,9.74,257100
Brimstone and Roses,Speremint,3000000,Romance,9.44,469200
Shadow Bride,Sae In Lee / Soo Bean Lim,767973,Romance,9.7,331200
Choco Latte,Ann,3700000,Romance,9.76,658600
Little Rain,Mai,563373,Romance,9.84,295200
Kind of Confidential,Vivian Darlin,4300000,Romance,9.3,919500
Freaking Romance,Snailords,19900000,Romance,9.77,3100000
Ghost Wife,Sejung,10100000,Romance,9.73,1300000
Always Human,walkingnorth,2300000,Romance,9.54,613500
unTouchable,massstar,5900000,Romance,9.69,1200000
Love Doesn't Talk,Ann,1400000,Romance,9.59,400400
Miss Abbott and the Doctor,Maripaz Villar,8000000,Romance,9.81,717500
Brass & Sass,antlerella,4900000,Romance,9.7,610300
Down To Earth,Pookie Senpai,9800000,Romance,9.82,2100000
The Kiss Bet,Ingrid Ochoa,6800000,Romance,9.69,1100000
The Sound of Another,Eun Hyuk Park,2100000,Sci-fi,8.84,187600
If AI Ruled the World,POGO / HOOPA,323100,Sci-fi,9.63,150800
Gepetto,Jewon Yeon,683414,Sci-fi,9.78,162500
Haxor,Walter Ostlie,191244,Sci-fi,9.11,90500
Heartwired,Rod Hannah / stratosmacca,204219,Sci-fi,9.18,123400
2015: Space Series,Various Artists,62916,Sci-fi,9.27,56200
Space Boy,Stephen McCranie,6100000,Sci-fi,9.84,410900
In the Bleak Midwinter;,Kat / Ali,2300000,Sci-fi,9.77,577200
Guardians of the Video Game,Jeong Summer,2434,Sci-fi,9.09,56900
Denma,Gasfard,399721,Sci-fi,8.95,79700
Mosquito Wars,JH,488682,Sci-fi,9.62,119000
FLOWAR,Hongjacga,223996,Sci-fi,9.47,77300
Falling in the Blue,SimzArt,128748,Sci-fi,9.32,88300
Dents,Beth Behrs & Matt Doyle / Sid Kotian,847763,Sci-fi,9.47,253400
Fantasy Sketch - The Game,Jaekyeong Um / Beom Sick Cheon,94845,Sci-fi,8.79,50700
Knight Run,Sungmin Kim,154621,Sci-fi,9.31,88500
Cyberbunk,Bradley Mason / SCE,136252,Sci-fi,8.64,44000
Matchmaker Hero,Madeline Ince,1000000,Sci-fi,9.47,352200
Moon You,Cho Seok,705353,Sci-fi,9.71,143900
Room of Swords,Brent Bristol,91376,Sci-fi,9.79,749400
Bloodless Wars,Tovon,334408,Sci-fi,9.26,124600
Ghost Bats,Jeong Summer,2434,Sci-fi,9.16,54000
Nano List,Songah Min,3200000,Sci-fi,9.81,586400
Pacific Rim: Amara,Cavan Scott / Zhang Ran / BigN,83411,Sci-fi,9.18,108400
Aphrodite IX,Matt Hawkins / Stjepan Sejic,154408,Sci-fi,8.81,116800
City of Blank,66,2900000,Sci-fi,9.7,537200
LoveBot,Donggeon Lee,51923,Sci-fi,9.38,294000
It Was All You,Dalbong,32228,Sci-fi,9.5,205900
Rebirth,Michi,7100000,Sci-fi,9.75,1000000
Seed,Said P.,2500000,Sci-fi,9.7,523600
Duty After School,Ilkwon Ha,411458,Sci-fi,9.67,119500
She Bites!,MandaRat / NoChanJoo,19257,Slice of life,9.7,42300
Kidults,Hahim,188648,Slice of life,9.49,148000
Yumi's Cells,Donggeon Lee,16800000,Slice of life,9.77,574600
Snailogy,Snailords,2400000,Slice of life,9.44,341200
Batman: Wayne FamilyAdventures,StarBite / CRC Payne,306464,Slice of life,9.7,533400
My Giant Nerd Boyfriend,fishball,50600000,Slice of life,9.73,2100000
Bluechair,Shen,37400000,Slice of life,9.72,1300000
Murrz,Murrz,20400000,Slice of life,9.66,774700
CARL,Nekucciola,223054,Slice of life,9.77,381800
Deadlove,AHNJOO,9574,Slice of life,9.18,74500
BOO! It's Sex,Danielle Corsetto / Monica Gallagher,4400000,Slice of life,8.85,556400
Saphie: The One-Eyed Cat,joho,11500000,Slice of life,9.8,639500
My Name is Benny,Sokomin,4300000,Slice of life,9.73,245100
Waffles & Pancakes,DT Saranya,8700000,Slice of life,9.61,206200
Lorna,Benji Nate,347524,Slice of life,8.42,46900
As Per Usual,Dami Lee,9400000,Slice of life,9.41,486800
A Budgie's Life,Muffin Girl,7100000,Slice of life,9.79,337600
Cat Loaf Adventures,kyutepastry,2100000,Slice of life,9.58,290400
How to Love,Dorris McComics,635608,Slice of life,9.51,113300
Girls Have a Blog,Sarah Bollinger / Tara Kurtzhals,686397,Slice of life,9.17,134300
MercWorks,David Mercier,495421,Slice of life,9.13,54400
Illusions of Adulting,Sara Zimmerman/Unearthed Comics,151337,Slice of life,5.94,66500
National Dog Day 2016,Various Artists,182208,Slice of life,9.55,37300
Up and Out,Julia Kaye,550111,Slice of life,8.87,65300
Cluster Fudge,John McNamee,234342,Slice of life,8.54,27100
Doodle for Food,Megan McKay,3500000,Slice of life,9.44,186200
Lars,The Awkward Yeti,296962,Slice of life,8.52,45600
A Bittersweet Life,Donggeon Lee,396601,Slice of life,9.31,85400
Average Adventures of an Average Girl,lallirrr,574834,Slice of life,9.28,71700
Lunarbaboon,Lunarbaboon,4600000,Slice of life,9.66,189400
Pigminted,Le Brown,232083,Slice of life,8.74,23100
Nicholalala,Nichola Gwon,182681,Slice of life,8.99,18800
Boyfriends.,refrainbow,8800000,Slice of life,9.46,1300000
Small World,Wonsun Jin,17900000,Slice of life,9.53,841100
The Dog Diaries,yee seon,142360,Slice of life,9.69,81300
Smile Brush,waroo,385296,Slice of life,9.57,109500
Just for Kicks,Josie Fox,2400000,Slice of life,9.62,254900
Smile Brush: My Old Pictures,waroo,322552,Slice of life,9.69,75400
Midnight Rhapsody,Wony / Yoonsoo Sim,109527,Slice of life,9.15,25700
My Kitty and Old Dog,cho,882743,Slice of life,9.66,102600
Roar Street Journal,Bonnie Pang,999779,Slice of life,9.65,56600
Midnight Rhapsody : Season 2,Wony / Yoonsoo Sim,94050,Slice of life,8.87,18300
Immortal Nerd,Hanna-Pirita Lehkonen,169239,Slice of life,7.89,29500
Just Ask Yuli,Yulius Efferven,27848,Slice of life,7.65,13800
All That We Hope to Be,it sun,180807,Slice of life,9.51,51200
Hello World!,Alex Norris,167908,Slice of life,9.11,30100
Jingle Jungle,Yongjin Kim,47921,Slice of life,8.83,12400
The Life of the Three Bears,Mr.D,50949,Slice of life,8.88,17300
Penguin Loves Mev,Penguin,321982,Slice of life,9.32,32000
The Build Up,911,383027,Sports,9.76,156600
Plum,Guy / Teo,244057,Sports,9.57,113100
Skate!!! Fire 100,Mallowboo / Diggymungo,269676,Sports,9.62,81300
Eat Fighter,Crystal Skillman / Fred Van Lente / Fernando Pinto,68599,Sports,5.41,27800
The Boxer,JH,7400000,Sports,9.85,1200000
No Scope,ZOYANG,4300000,Sports,9.77,642300
Hanlim Gym,Hyeseong / Sukjae Lee,160567,Sports,9.28,138100
Ecstasy Hearts,SilentMaru,4400000,Sports,9.04,1300000
SHADOW,yunuji / haejin,171129,Superhero,9.42,168100
Heroine Chic,David Tischman / Audrey Mok,903057,Superhero,8.93,275500
Power Ballad,Molly Brooks,100792,Superhero,9.14,37600
Magical 12th Graders,seri / Biwan,539393,Superhero,9.32,147200
Inarime,Maria Riccio / Tommaso Bennato,116737,Superhero,8.85,99600
I Don't Want This Kind of Hero,samchon,3000000,Superhero,9.74,351600
Cyko-KO,Robert Feldman,8234,Superhero,7.38,7400
Urban Animal,Nicki Pau Preto / Foxkirin,984245,Superhero,9.7,513200
SIDEKICKS,IRON Shin,723188,Superhero,9.39,201300
The Badguys,Luke Lancaster / Orlando Caicedo,310484,Superhero,9.42,97900
The Red Hook,Dean Haspiel,51417,Superhero,8.05,31500
The Red Hook: War Cry,Dean Haspiel,41165,Superhero,7.1,25500
The Red Hook: STARCROSS,Dean Haspiel,19773,Superhero,7.03,17200
Supersonic Girl,Sandra Diaz,624588,Superhero,9.11,208100
unOrdinary,uru-chan,44200000,Superhero,9.76,5100000
The Red Hook: Blackout,Dean Haspiel,14920,Superhero,7.01,17100
Backchannel,Stan Lee / Tom Akel / Andie Tong,166478,Superhero,9.65,149400
Lavender Jack,Dan Schkade,577031,Superhero,9.53,109800
The Fever King,Victoria Lee / SaraDeek,2500000,Superhero,9.57,514200
Arma,Sgt.,1200000,Superhero,9.4,248000
XINKR,CHU KWON,645270,Superhero,9.29,121300
The Brooklynite,Seth Kushner / Shamus Beyale,31774,Superhero,8.98,20500
Cyberforce,Top Cow Productions,52506,Superhero,7.81,37300
Outrage,Fabian Nicieza / Reilly Brown,614921,Superhero,9.36,221200
Unholy Blood,Lina Im / Jeonghyeon Kim,9900000,Supernatural,9.87,1500000
Jackson's Diary,Paola Batalla,2900000,Supernatural,9.66,649000
Muted,Miranda Mundt,5600000,Supernatural,9.71,724000
This Magical Moment,Yunhui Na,452501,Supernatural,9.38,142500
My Boo,Jeongseo,2800000,Supernatural,9.75,864600
Witch Hunt,SSO PARK,947855,Supernatural,9.5,258000
Faust,Arechan,575454,Supernatural,7.98,83700
The World Where I Belong,GMOW,913509,Supernatural,9.59,317300
Fluffy Boyfriend,Mihi,4600000,Supernatural,9.13,1300000
Rise from Ashes,Madeleine Rosca,4100000,Supernatural,9.7,738000
UnderPrin,smbryms,2600000,Supernatural,9.28,570900
Firebrand,Jessica Chobot& Erika Lewis / Claudia Aguirre,303754,Supernatural,8.92,165400
Acursian,John Barrowman / Carole Barrowman and Erika Lewis,34424,Supernatural,7.24,55100
The Red King,Heylenne,2500000,Supernatural,9.76,802700
Lalin's Curse,Isakytm,3000000,Supernatural,9.87,784300
UndeadEd,Boredman,1000000,Supernatural,9.69,115200
Apocalyptic Horseplay,Boredman,1100000,Supernatural,9.72,137700
Spirit Hunter,Yoon Hyun-seung / Bang Seung-hyun,68807,Supernatural,9.45,95100
Sword Interval,Benjamin Fleuter,1500000,Supernatural,9.63,145900
Jackie Rose,Josh Ulrich,215458,Supernatural,9.6,58700
KILLMAX,Kennycomics(Paul Jun) / SilentMaru,1000000,Supernatural,9.09,547600
Devilish Romance,sing-nanda,507497,Supernatural,9.46,351900
Mystical,VAN.J,2100000,Supernatural,9.82,542700
Of Swamp & Sea,Jay Boulton & Laurel Boulton,100309,Supernatural,9.61,104600
Devil Number 4,jangjin / woombeee,12600000,Supernatural,9.78,1700000
Shard,echorise,911286,Supernatural,9.32,205700
Soul on Hold,Austen Marie,1200000,Supernatural,9.65,270300
I'm the Grim Reaper,GRAVEWEAVER,7800000,Supernatural,9.8,1500000
S.I.D.,Sadaham,1800000,Supernatural,9.69,284500
Simon Sues,Myung Hee,489423,Supernatural,9.14,152600
Evelyne and the Occult,InksOwl comics,191371,Supernatural,9.43,242100
Third Shift Society,Meredith Moriarty,866428,Supernatural,9.78,376900
Shotgun Boy,Carnby Kim / Hongpil,1700000,Thriller,9.87,620800
It's Mine,LuckS,7200000,Thriller,9.73,1000000
Tales of Greed,Soonkki,185973,Thriller,9.33,162300
Money Game,Bae Jin-Soo,33873,Thriller,8.51,51800
See No Evil,Gwangtanto / Maduru,243752,Thriller,9.61,134400
The Savior's Time,Song Geukjang,237221,Thriller,9.57,123600
Bastard,Carnby Kim / Youngchan Hwang,7000000,Thriller,9.87,1500000
Dear X,VANZIUN,632714,Thriller,9.56,202200
Friday: Forbidden Tales,Bae Jin-Soo,449802,Thriller,9.16,157500
Ctrl+Z,MiTi,631565,Thriller,7.81,192600
Fast Forward,PORTO / Junki Hong,389239,Thriller,9.68,182900
Nightmare Factory,Snailords,3000000,Thriller,9.5,596900
My Deepest Secret,Hanza Art,13400000,Thriller,9.68,2400000
School Bus Graveyard,lilredbeany,539252,Thriller,9.77,452300
Not Even Bones,R Schaeffer / Glamist,7000000,Thriller,9.7,1500000
Homesick,Ms. Freaky,642346,Thriller,9.79,321900
Escape Room,10PARK,1800000,Thriller,9.65,384400
Shiloh,Nikki Dibya Wardhana / Bryan Arfiandy,19608,Thriller,9.62,363000
Unknown Caller,Various Artists,168791,Thriller,9.55,435000
All of Us Are Dead,Joo Dong-geun,165250,Thriller,8.33,86300
Sweet Home,Carnby Kim / Youngchan Hwang,16900000,Thriller,9.87,2800000
Grasp,Jeonghoon Hwang,203091,Thriller,9.55,87600
Forest of Humans,Junho Hwang,285344,Thriller,9.57,108000
PIGPEN,Carnby Kim / Beom Sick Cheon,1500000,Thriller,9.74,317100
Shriek,Various Artists,377712,Thriller,9.75,337600
The Cliff,Sungdae Oh,98531,Thriller,9.32,68600
Rotten,Goodguy,1100000,Thriller,9.68,386100
Delusion,Hongjacga,802309,Thriller,9.79,189600
Epilogue,Cho Seok,156290,Thriller,9.49,67100
Bite Me,AffectedMind,1300000,Thriller,8.26,426500
HIVE,Kyusam Kim,2700000,Thriller,9.66,443900
DEEP,TOWOO / Tae Heon Kim,197725,Thriller,9.14,112900
#Killstagram,Ryoung,3300000,Thriller,9.29,818200
